mixing_rate,heterogeneity,population_mean,population_std,occupancy_mean,occupancy_std,n_lineages_mean,n_lineages_std,shannon_eco_mean,shannon_eco_std,shannon_lin_mean,shannon_lin_std,mean_theta_mean,mean_theta_std,theta_std_mean,theta_std_std,theta_range_mean,theta_range_std,mean_r_mean,mean_r_std,mean_fitness_mean,mean_fitness_std,mean_resource_mean,mean_resource_std
0.0,0.0,1301.1740000000002,5.9185423881222015,0.81323375,0.003699088992576521,102.092,3.458903872616296,1.4170368021618736,0.15714215055403769,3.503282046751788,0.21213354295039966,0.4962994818350097,0.008605563678586671,0.055135381529411456,0.006232391488767766,0.6536858062584883,0.05218441857363629,0.1556734179059435,0.0027298106493688487,0.08286498927736427,0.0010515285509226104,0.5988373000000005,0.010734996780856553
0.01,0.0,1312.5400000000002,8.739887871134242,0.8203374999999999,0.005462429919458903,107.546,4.784686405606955,1.434874402799434,0.06662024399466049,3.582067005660717,0.13679072895110966,0.4999603239775382,0.007161604458493006,0.05410615604238857,0.004029911531333079,0.680022642225288,0.0866908234180447,0.15833300607734363,0.003986665756717502,0.08408405366875082,0.0006224513116356896,0.5914141750000006,0.012548158876305313
0.02,0.0,1327.264,6.7908456027213475,0.8295399999999999,0.004244278501700907,97.538,5.542744446571571,1.371713363295675,0.11095822235053202,3.523276325023823,0.1781680948414391,0.4968452605228227,0.007555965080399861,0.052162884117082566,0.0032032580964448994,0.676841875353643,0.0540398481273885,0.15612615731157503,0.0031566501495594456,0.0838774371025484,0.0004392555972230602,0.5918809375000006,0.009979406653986143
0.05,0.0,1342.1680000000001,2.9257573378529123,0.838855,0.0018285983361580648,103.35999999999999,3.345982665824796,1.3588959081755903,0.1358347579507965,3.454554348208024,0.0708275327919206,0.49863679275910877,0.0029905205995772403,0.051585003471235825,0.00748069414907933,0.6268537225341989,0.054552691060701985,0.15612497933102717,0.0009880701245724777,0.0842128329120578,0.0010235639618855104,0.5863898875000009,0.00884430678710181
0.1,0.0,1358.888,4.218124701807644,0.849305,0.0026363279386297737,92.22999999999999,4.608431403417002,1.3269383182814862,0.13948709266957024,3.2511550655325117,0.16344559309672793,0.508170582133715,0.009397580164043212,0.048352989914112444,0.006242199453638337,0.6665138723300863,0.041559267633617204,0.156836216719567,0.002362201157673585,0.08399979159554379,0.0009578026664847528,0.574624600000001,0.005433534908268762
0.15,0.0,1364.334,2.9090108284432414,0.85270875,0.0018181317677769893,91.876,6.412904490166682,1.2141184795449091,0.1601947329911436,3.2962536996509377,0.2352470064609404,0.5017398979792768,0.008997474061377166,0.04424011623404127,0.006637604936038501,0.7014156445921993,0.10912033710992561,0.1600627206880566,0.004745089860631068,0.08447258119694898,0.0007327575724295348,0.5590404625000013,0.01359872758320376
0.2,0.0,1363.9360000000001,8.287592171433161,0.8524600000000001,0.005179745107145728,86.476,8.03655796967831,1.2544172012834724,0.2195927081251055,3.1546852866778656,0.29658118802300065,0.5013046931392036,0.003673066709777131,0.04594311761008489,0.010291005178045607,0.6171513652028874,0.1527397837626161,0.1616693539980581,0.003942544724488107,0.08502534657926462,0.0008894339482220209,0.5588006125000015,0.015668022097841076
0.3,0.0,1368.134,5.437141160573222,0.8550837499999998,0.0033982132253582886,85.008,8.229783472242751,1.1490009767351022,0.21609709303122768,3.087495516696942,0.17371638379161256,0.5036062027593791,0.014295916415373968,0.043772682924546905,0.005430030912546394,0.5783294980295939,0.08207424656619672,0.16172725316048503,0.009927086382816128,0.08359588831687051,0.0010539643706823296,0.5474521375000017,0.025127955362827428
0.5,0.0,1374.286,5.929595601725311,0.8589287499999999,0.003705997251078351,83.50999999999999,9.10559168862738,1.1764361209370855,0.1860669350269952,2.9211637576036735,0.37418269823181594,0.4985596700930353,0.011030625328354084,0.04455194426575511,0.00660728303195134,0.6428414890221823,0.11279129340887642,0.1680679901986811,0.010585365121932457,0.08381385778677225,0.0015117373362649278,0.5270474500000017,0.023080990407943043
0.8,0.0,1376.27,3.5556996498579907,0.86016875,0.0022223122811611423,79.686,7.161934375572009,1.1792265469343501,0.07045597438403305,2.8518950896357276,0.24929653489906317,0.496528718477257,0.009426744408136773,0.04149400200451296,0.0017778393596436452,0.5392267996449198,0.04948403653027135,0.16538762420956546,0.0029963820675964923,0.08260094414921806,0.0011360182890726882,0.5227815625000019,0.008369072439363384
0.0,0.1,1295.3500000000001,7.304472602453958,0.80959375,0.004565295376533722,98.502,9.902131891668581,1.4452463619227043,0.10947207448229951,3.512093352755263,0.39665322878751647,0.4973344395557612,0.009650072623411667,0.055209561169474085,0.004478375195832383,0.7412633727209044,0.0715599428349755,0.15753025492232728,0.0053521962848102084,0.08314230210813231,0.0007140911017919359,0.5960216125000005,0.013375979493480052
0.01,0.1,1317.78,6.161171966436291,0.8236125000000001,0.0038507324790227238,96.57,5.580028673761456,1.445292115218098,0.07115748130004408,3.399057640804049,0.17842393016084346,0.5005799220137634,0.009348436801043584,0.054861003231079376,0.0035942479276516023,0.6271567076623115,0.03067260437323741,0.15553408884537262,0.0023654253705067164,0.0837217153394667,0.0010056192170570394,0.5977763125000005,0.005520860043394527
0.02,0.1,1322.0359999999998,6.8217464039643225,0.8262725,0.0042635915024776165,96.58399999999999,9.055156762861703,1.4104240223083118,0.04140780950443397,3.389383055522816,0.36029993784577025,0.5030126686031358,0.007682210002048365,0.05330050664476278,0.0008621410421332441,0.583346667662785,0.051573880594842525,0.15982228264533344,0.007570155882277258,0.0843716755262174,0.000921819445264197,0.5849233750000007,0.018298663672135656
0.05,0.1,1342.384,3.2988155450100334,0.8389900000000001,0.0020617597156313426,96.89399999999999,4.545105499325621,1.3794413755899015,0.13091747291584319,3.43341820816198,0.22619531686836034,0.4945049114705845,0.013350044146899994,0.05136648545784188,0.005829630861072594,0.5840139208395797,0.04327461632206465,0.15860570622949174,0.0032375783866105483,0.0845823778474492,0.0006719852160495213,0.5820824125000008,0.009235779411276004
0.1,0.1,1350.598,3.3536213262680263,0.84412375,0.002096013328917633,95.464,4.7184472022054065,1.372559632394792,0.06720109900596875,3.36257702693865,0.10861881051343168,0.49860287635713857,0.012368943396466084,0.051760608001041965,0.0024147634880441675,0.7263486729114881,0.04627831868100408,0.15898143121227482,0.003622081735142647,0.08439662895524894,0.0005697754034283327,0.5758059250000012,0.009101235269302002
0.15,0.1,1363.8799999999999,4.227637638208805,0.852425,0.002642273523880527,94.63,4.535574935992129,1.4243168899956415,0.05897178186635001,3.3574377519557523,0.1424180239575452,0.4941479997314298,0.006823877720613633,0.05128536467909901,0.003621353967611177,0.5784270095118936,0.09411211571716897,0.16103348027734082,0.0043712468441154395,0.08413177595860036,0.0006888141599267631,0.5640990250000012,0.01240019190228261
0.2,0.1,1365.7199999999998,7.75130440635643,0.853575,0.004844565253972791,88.344,8.318138253239123,1.2355319191878915,0.15964338979167864,3.135266970915341,0.24112848165652642,0.5075656526454859,0.005233966542049514,0.04961159741329249,0.002401180084975597,0.6708617536090411,0.0695798123756674,0.16043976581477656,0.009662392428922055,0.08359779988310476,0.0013168363078834438,0.5574760375000014,0.020693628728525607
0.3,0.1,1368.108,5.084460246673187,0.8550675,0.003177787654170736,89.274,4.975631015258264,1.2408710987213183,0.05554690398097469,3.1896441525343233,0.15232389902508345,0.49593400295067686,0.007580719932010029,0.04461903129285226,0.0021378448225914,0.6435343423621329,0.028856809112796797,0.15710202032104753,0.004439217469472687,0.08300224263694325,0.0009220441930650465,0.5570161750000017,0.010025603336380149
0.5,0.1,1372.712,4.649586648294674,0.8579450000000002,0.0029059916551841475,88.298,7.443991939812938,1.2853120406190566,0.1274009072304466,3.1194224316482795,0.3386137134451679,0.500736283133694,0.005622799824628717,0.04820189365604903,0.0035841944073099234,0.6001882375804961,0.05953139225713583,0.17047755416466648,0.005121497792587242,0.08377601592959247,0.0009672714648537808,0.5219558125000018,0.012800550359017804
0.8,0.1,1374.9699999999998,5.278473264117176,0.85935625,0.003299045790073169,87.31800000000001,8.254158709402189,1.2027480329854838,0.1003036986252312,2.9863393358671244,0.1870441403843364,0.4985491392484997,0.012056963839985481,0.0437588255290027,0.002088859130394224,0.6240372492200518,0.07665299213220943,0.16084481295258754,0.00602579201009516,0.08175480117465855,0.000793603000460743,0.5355223375000019,0.017170220881778487
0.0,0.2,1296.386,5.44129249351659,0.81024125,0.0034008078084478313,96.602,4.5036225419100155,1.5209740102440683,0.09821654549575648,3.6490315696446713,0.1689766475980101,0.5022761684854241,0.00960845601861376,0.05758687143306971,0.005188780339529156,0.6370079613597868,0.11153430058104963,0.16142671693381566,0.003726026651967584,0.08439134932607531,0.0011055673766087832,0.5959729375000006,0.011225059068330023
0.01,0.2,1313.284,4.10934836683385,0.8208024999999999,0.0025683427292711716,97.668,5.952631014937851,1.5774350526155267,0.07940674874122673,3.5777212423772724,0.16452362831184345,0.49695133569512356,0.010308329962606722,0.0608739751067137,0.0046029565489004364,0.6123910779034744,0.04596110761257347,0.1580528367980117,0.0019359441901265276,0.08352920619751122,0.0007190658245146503,0.5964848125000005,0.004408260356811719
0.02,0.2,1325.984,6.234563657546511,0.8287400000000001,0.0038966022859666153,99.016,6.118962657182997,1.587256663614514,0.0676533144995692,3.4696972354004503,0.19319273849492888,0.5048626250003917,0.008387561126527788,0.06454934162451371,0.005494789741436673,0.6779178419756432,0.0694723288865891,0.15657296750477673,0.0033149046991874844,0.0838082425497243,0.00045728552866577667,0.6000313000000006,0.008469121677028391
0.05,0.2,1335.458,4.866988391192274,0.8346612499999999,0.0030418677444951185,97.532,7.700528293565323,1.354195051329438,0.1235819671141614,3.3709344454919057,0.19956513172923843,0.5008215630482279,0.010938794978659178,0.05539933157444464,0.006267586095391345,0.6886205029048754,0.08931061538470349,0.15777707223949555,0.004479158829334904,0.0844181052665566,0.0011069332596863458,0.5903318125000009,0.009721802894139535
0.1,0.2,1355.772,6.220348543289181,0.8473575,0.0038877178395557124,93.252,8.339104028611228,1.3697956397160655,0.14353985105259426,3.298759880673252,0.32525996937325335,0.49484818585772394,0.009731290367260184,0.051771838773888725,0.0037372350435874737,0.6194742332702018,0.0785660546270526,0.17205398742310962,0.011497728606457572,0.08599507983825422,0.000976815853550308,0.5515034875000012,0.030220692365481253
0.15,0.2,1358.54,5.8101325286089835,0.8490875000000001,0.0036313328303805518,85.506,7.350490051690432,1.6028013780436912,0.08836569293891446,3.1993057294329703,0.22554271885083635,0.5054531235686959,0.009485321932294772,0.06323248445719917,0.0038593613642660947,0.6070472896179213,0.03990822048916486,0.1573017470479067,0.003973697418497303,0.08334536891360786,0.0011307407885307226,0.5794795375000013,0.010931464370153559
0.2,0.2,1363.426,4.583459828557449,0.8521412500000001,0.0028646623928484595,90.95,10.672347445618511,1.4185181062655785,0.13732927509878928,3.2826334847177954,0.3105548613374177,0.4998159958676135,0.008530774098146286,0.0538545946385741,0.006069263781825479,0.5941477763154135,0.10079933764771046,0.15843502163753892,0.0013196681284452217,0.08304243666510265,0.0006039820739048666,0.5682837625000012,0.003094710920314294
0.3,0.2,1366.192,4.451581292080353,0.8538700000000002,0.0027822383075502112,83.878,7.956103066200185,1.4471873833851536,0.12505533780904413,3.20563313856361,0.13985102826315293,0.4997195467554459,0.006619099689592798,0.05649010966080702,0.003975837486525421,0.6154096248709222,0.08098337048511783,0.16469133772519967,0.005306632164154598,0.08380382763567396,0.0010177766785846116,0.5504307250000016,0.011955242319179984
0.5,0.2,1367.092,2.535337452884743,0.8544324999999999,0.0015845859080529827,87.244,6.44325569879079,1.3974468546875387,0.05077305003075029,3.159975215120751,0.28959190386844197,0.4987244036227879,0.009373943469130251,0.05167697507955965,0.0052262371632006204,0.6276656923692302,0.07087020400265193,0.16285033524924747,0.009079222089334527,0.08271227948146558,0.0017515147631599385,0.5501363875000018,0.02121600723924329
0.8,0.2,1365.0,1.9420092687729054,0.853125,0.0012137557929832003,88.04400000000001,4.208703363269975,1.2137177707768811,0.17662750362831123,2.856635393416905,0.376500891205227,0.5028008683935627,0.011456256249773597,0.047895546316707914,0.004072381906384245,0.6323796786098071,0.0407011980866546,0.17002041754448965,0.016376740803031038,0.08227552552353258,0.0013168480861407168,0.523238087500002,0.040413347080099166
0.0,0.3,1292.7,9.236811138049749,0.8079375000000001,0.005773006961281187,104.65,7.021398721052662,1.7521513647316695,0.08452093291322961,3.8102712731546298,0.1368602881822851,0.5031083961579793,0.0111651856788366,0.07552660656670344,0.004597131656223883,0.6559711832038067,0.060589549659199576,0.15887898057249364,0.0023356889009821915,0.08259757374343511,0.0004137397767611731,0.6031576750000006,0.005691242178969982
0.01,0.3,1307.356,5.975364758740728,0.8170975,0.003734602974212985,107.19800000000001,4.892767723896162,1.7545076192798739,0.04408721847890009,3.776809301703627,0.055356751134037735,0.5012857367482745,0.010393896537869847,0.07411852083113726,0.0030542916834519203,0.6383941296425433,0.07778601184688404,0.15530189781635753,0.002476981155224376,0.083046806176462,0.0005132022351520158,0.6103118500000007,0.008545118148557806
0.02,0.3,1320.754,9.16469443025787,0.82547125,0.0057279340189111015,112.928,9.255788243040136,1.6655852950170889,0.09849681848296768,3.654410104221559,0.1821740727024362,0.5037623486227908,0.009929029220269964,0.07421208304923925,0.007963645012373587,0.6769215810143885,0.041746548821634165,0.15669788820674638,0.004343259123324206,0.08312485848791695,0.0010384498751090199,0.6057336625000007,0.01402711531243816
0.05,0.3,1336.306,5.647075703406136,0.8351912499999999,0.003529422314628684,99.39200000000001,5.576613309168926,1.6652965096643624,0.057177109931446465,3.6215049679482476,0.12410756277588557,0.4959250657267152,0.010316973798969179,0.07119541008143386,0.003414211384123154,0.681828573938191,0.04934609679974599,0.1579136308460975,0.005271265244591328,0.08384894640028723,0.0014761919338035017,0.6016744375000007,0.006586555800335811
0.1,0.3,1355.116,5.919606743695066,0.8469475000000001,0.003699754214809394,98.22800000000001,7.832642976671415,1.6857924020083623,0.04285131776769391,3.608804542482327,0.11007616308978262,0.5032618319644767,0.008230279781080032,0.0707432169947762,0.0035780094450633152,0.6006473214164652,0.02598691716495055,0.15890267211480116,0.0007283490565356647,0.08397818625467099,0.0006567280709929635,0.5844237625000009,0.0049223113643706105
0.15,0.3,1356.168,3.2038189711654734,0.8476049999999999,0.002002386856978456,91.64000000000001,6.493122515400428,1.6589908143055285,0.1191709442160447,3.429971623394279,0.24000351276164728,0.49967701843683515,0.007044500388552377,0.06885744568416895,0.004411783278709633,0.6230923931704159,0.05536250922266838,0.15830618491205678,0.002932700082362746,0.08330125913259527,0.0008941177167465845,0.5836901125000011,0.009207423962776578
0.2,0.3,1363.926,3.434650491680338,0.8524537499999999,0.002146656557300322,89.554,4.470353900979208,1.5523633485662263,0.06779064556977621,3.367564065274027,0.15013994204332134,0.5071240974413972,0.00981764860848834,0.06801137273387799,0.007964121544909783,0.6759316401225617,0.05620392969778492,0.15920156369539032,0.0026455043769041653,0.08332045467131573,0.0005772397376295206,0.5787961375000013,0.010331194237553677
0.3,0.3,1368.252,3.8686762593941983,0.8551575,0.0024179226621213667,91.344,10.415746924728921,1.5734197512556212,0.06178487595505088,3.390868987843922,0.2189610208763692,0.5067084337949636,0.009778136918995808,0.06572149469813118,0.00545503953253101,0.6197248494161338,0.05972976834946409,0.162942315194554,0.0062692896419544,0.08314710489553669,0.0009056106446813201,0.5633182375000014,0.01572806132698213
0.5,0.3,1364.442,7.849490174527221,0.8527762500000001,0.004905931359079567,85.366,5.715951714281706,1.5371777518917897,0.16003839858856056,3.16179644032207,0.09409258213029219,0.5030188512703513,0.009434762806106792,0.06441774811695276,0.005705267807073585,0.6751416559326981,0.06744360151724386,0.1615927369496391,0.004968955929223304,0.08210655047854538,0.00102949283504652,0.5641251250000017,0.013881662398759192
0.8,0.3,1373.514,5.449787518793719,0.8584462499999999,0.0034061171992461874,88.39000000000001,10.26878765969966,1.501408862274591,0.11494915324086664,3.2502295436270834,0.1913018330161351,0.5080966595525211,0.013225440011097768,0.06019489240194044,0.009890740385247737,0.6985591490291324,0.08351589867655214,0.16417302464168473,0.005840135906446222,0.08167687102744199,0.0011403142729591053,0.5542685125000018,0.015791791991975238
0.0,0.4,1297.7040000000002,6.871187961335334,0.8110649999999999,0.004294492475834618,104.84400000000001,8.379882099409272,1.8720906013110057,0.07100620104537396,3.7727220591207375,0.08486009937409589,0.5009957146470573,0.012840597956379145,0.08998712614572121,0.005516666723887558,0.7279956068077398,0.0857696994507582,0.15751873315619386,0.004027403947504011,0.08246227920334956,0.0009022349780084714,0.6124621750000004,0.010370682337077101
0.01,0.4,1305.624,4.025899154226298,0.8160150000000002,0.0025161869713914795,106.026,7.438345514965007,1.9244476358625728,0.1356593403333971,3.710196134200847,0.24745835436619035,0.5002446249036439,0.006047478389913393,0.09016367328605747,0.010887352838423028,0.6820290565487924,0.02670972384547862,0.15837687255251548,0.003295607522864253,0.0826138412612198,0.0008940330472599297,0.6114281125000005,0.007419506105361736
0.02,0.4,1318.212,11.148107283301545,0.8238825000000001,0.006967567052063449,100.07799999999999,6.319589860109597,1.8035116257827746,0.05652938262149152,3.7472833843504296,0.13290739322506775,0.507817201755741,0.008173612180959073,0.08569092083552939,0.002903398948622614,0.6733349318335787,0.05259813870285094,0.15933394191058448,0.0036443577681595685,0.08283793194551899,0.0010127011319067275,0.6056569000000006,0.008770903892861497
0.05,0.4,1333.09,5.714497353223691,0.83318125,0.0035715608457647916,106.49600000000001,10.915148372789075,1.8794760069502927,0.08163906943049716,3.706682169383479,0.20805409107227105,0.5037939048455733,0.0050399435624297936,0.08690898427791251,0.005769748970471385,0.6775562607840663,0.09235373290098178,0.16243865996982543,0.002948256822005792,0.08411791481921146,0.0008069764776526962,0.5987400250000008,0.012457221774662502
0.1,0.4,1353.6960000000001,6.354389349103467,0.8460599999999999,0.003971493343189597,106.102,7.173772787034725,1.8497135806530907,0.09254240152800833,3.7805699481989343,0.13076510937641606,0.506984124409472,0.011476760855306013,0.08518227566450831,0.006414926558600463,0.6823662227865592,0.06916933710960972,0.16026328006346313,0.0033405318616176213,0.08378628796091152,0.0011407433308154495,0.594638425000001,0.008337564056856627
0.15,0.4,1352.906,4.916069975091876,0.8455662500000001,0.0030725437344324316,98.43199999999999,4.0572769193142335,1.8592277049826251,0.07228695599709797,3.5691398560604526,0.18202658545764502,0.5037881300861452,0.010813267667731078,0.08290158103410405,0.005987485079555743,0.6956249053266091,0.06925499697095629,0.15792120513222957,0.0018486483409848769,0.08378075932586324,0.0006168690585546509,0.600214562500001,0.009515695606880866
0.2,0.4,1362.908,4.826043514101431,0.8518174999999999,0.003016277196313359,94.514,7.369283818662439,1.7894792310360965,0.06938497642785196,3.4177501500923015,0.13172512314040383,0.5085549035213843,0.007917309903185944,0.08805894379912836,0.004241150412234419,0.6549539460116691,0.05670324251431276,0.15821217455699338,0.0039541703435051504,0.08275402219106633,0.0008422687403626078,0.5938099750000012,0.01013895020319223
0.3,0.4,1369.6259999999997,4.286703162104906,0.85601625,0.002679189476315594,93.728,7.119217372717312,1.7039611696858064,0.05363563927453494,3.4410955601562456,0.03732456599651132,0.5067428929588991,0.013864851455464879,0.07816192824107247,0.00805743527795701,0.715427319820656,0.11232196123823922,0.16318762744983467,0.0021248763679809278,0.08297301788838594,0.0011631959795843658,0.5769382375000014,0.0072822954064335355
0.5,0.4,1370.096,5.538879309029964,0.85631,0.0034617995681436734,90.512,3.3241143181304715,1.6611604022196353,0.10362978473694212,3.2185534384142427,0.1444717082713383,0.5069006742549107,0.007699380075999735,0.07237140743967278,0.005013283824115206,0.6622902141712823,0.05667621824223021,0.15979815779502454,0.003425619528479609,0.08132502491226305,0.00042195343638278714,0.5804855875000016,0.013629707156703672
0.8,0.4,1370.796,3.1496323594984696,0.8567475,0.001968520224686568,90.852,6.63249395024225,1.7124156361668104,0.09157294028091927,3.2921628843308355,0.12127693943737325,0.5040757982712212,0.007871424929831766,0.07500762405074644,0.006332486568941478,0.5974054917533508,0.0854820236567164,0.16424546910227122,0.007510456976932138,0.08234540153260757,0.0011609715611796668,0.5789282875000017,0.025417646962561942
0.0,0.5,1282.878,7.143983202667864,0.80179875,0.004464989501667378,110.22,8.089323828355493,2.089301646694049,0.06920815067593955,3.908032979678262,0.10383109050395335,0.5010829323080157,0.010360338121265255,0.1143401502451176,0.006476138654936887,0.7430149694086332,0.028705891244734934,0.15565262422584614,0.0015567848165333653,0.08127925047770246,0.00039697322253085215,0.6299843125000004,0.004642528512634497
0.01,0.5,1307.5379999999998,8.597654098648125,0.8172112500000001,0.005373533811654987,117.01200000000001,3.7048962198690516,2.060786109946012,0.07508932916919558,3.9192801404117183,0.08146823877070597,0.5052710603688721,0.011838920239223956,0.11055979651246699,0.008212058200993116,0.7395141159680354,0.03432552307729892,0.15943140894597024,0.0029131359261778435,0.08276442120208202,0.0012007381765862773,0.6184212250000005,0.004982755355598936
0.02,0.5,1313.274,3.9017257720142218,0.8207962499999999,0.0024385786075089145,104.696,7.0300088193401296,2.1045731763738913,0.12466102458871914,3.7900884919048843,0.2050781444448723,0.50770728437302,0.008652351976672789,0.11252020486892562,0.009769069784492015,0.750168401656992,0.05515574192183734,0.1559036368764592,0.0023165556172252484,0.08175256386336857,0.0009833147102378404,0.6210985000000004,0.009124818335263568
0.05,0.5,1329.1339999999998,6.375605383020542,0.83070875,0.003984753364387787,111.66399999999999,4.453792092139009,2.0286354260326007,0.058348970194501915,3.8012642246690733,0.09651266963316131,0.49987434857835733,0.010429445910295258,0.10352619741730344,0.004778855281534031,0.7800836213438272,0.06289156188526179,0.16010729286736497,0.0038002657862459756,0.08388744539206551,0.0008839413571318121,0.6161017750000007,0.0116595164761317
0.1,0.5,1354.644,6.107125674161293,0.8466524999999999,0.0038169535463508145,109.11600000000001,7.825562216224466,2.04275207884704,0.06449582532297249,3.864029597211194,0.10470772860086923,0.5077198841243283,0.007251174757492671,0.09957788655529447,0.0064836743621483365,0.6814466599628247,0.04592420481953059,0.16007143303272317,0.003416330953539272,0.08344388146137746,0.00033355195109628595,0.607365062500001,0.014112262391434103
0.15,0.5,1356.306,4.381148707816218,0.8476912499999999,0.0027382179423852604,98.55799999999999,2.554191848706748,1.9577862864551676,0.06964493200071267,3.601147652937094,0.18019660420655925,0.5103504951485355,0.004908804352149942,0.0993255111196785,0.006037671148183008,0.6997748941330446,0.04022467816717351,0.15794552927821887,0.0033957711579706415,0.08270988050572672,0.0009314387201021543,0.6075578875000012,0.005054257308571648
0.2,0.5,1362.7240000000002,4.369080452452147,0.8517025,0.0027306752827825987,93.72,5.693206477899781,1.9376871884632998,0.08385009022434328,3.5170980274705315,0.12254940901384388,0.5047562403529924,0.005090836024603675,0.09910621587620475,0.007210964066570019,0.7428752872546556,0.030322439182951237,0.15762584773113592,0.003623329382055476,0.08230370293572738,0.0011532121274371375,0.6066505000000012,0.010353650108400761
0.3,0.5,1367.306,4.053835714480792,0.8545662500000001,0.002533647321550506,96.606,1.0913038073790464,1.9461667840325894,0.06588457972198328,3.5944792861729256,0.08570168216951166,0.506146711787836,0.0075773782865776,0.10201106283646393,0.005662906041230121,0.6887937700855591,0.06335852696978014,0.16801075589799933,0.004200988022779671,0.08370305530798103,0.0012705484879890958,0.5797042750000014,0.009859511314319211
0.5,0.5,1365.0500000000002,5.673788857544901,0.85315625,0.0035461180359655274,95.56800000000001,4.956334936220513,1.9396162307247156,0.07310140978036302,3.5507627522031675,0.11224232485651923,0.5116617343974471,0.005365029888798762,0.1028999473410793,0.006787869173792435,0.7029682670887991,0.03451733459894794,0.16532990292312633,0.004055610857631415,0.08208644333140017,0.0005515894934291784,0.5891727625000016,0.015881798249657103
0.8,0.5,1372.65,3.1091220625764815,0.8579062499999999,0.0019432012891103072,94.20599999999999,3.9878144390129258,1.7603572624473702,0.07590716663005756,3.342115697567457,0.2283136142437202,0.5028276807479128,0.006588817448340028,0.09190829313807972,0.006693629874114915,0.6889114452825869,0.05234305273597401,0.1674969034116001,0.011376251420313411,0.08149856438866478,0.0010806052040576144,0.5846372125000017,0.034673662115785826
0.0,0.6,1275.1860000000001,9.341887603691283,0.7969912499999999,0.005838679752306974,102.0,6.042499482829931,2.233157369393658,0.0710459460711922,3.820760575135715,0.10073538719251005,0.5042112989928771,0.015012570424026199,0.1283294188932544,0.01311923061292398,0.7714445328884911,0.013844480934551977,0.15821645827941216,0.0017071629604189756,0.08086636280694455,0.0006529552842818745,0.6340837000000005,0.007185131367797019
0.01,0.6,1293.826,11.732589824927828,0.80864125,0.00733286864057992,110.782,8.390240520986271,2.1564189466340573,0.09798263959192419,3.9019396986134907,0.12001538319561851,0.5030419369259912,0.012442158464341092,0.12276371867222254,0.011499038592934335,0.7622326152335323,0.04986433040476957,0.15946389815273973,0.004596737889680323,0.08161362595105329,0.0011856521535186608,0.6294238000000005,0.012634251077329416
0.02,0.6,1309.696,7.131885024311618,0.81856,0.004457428140194748,112.498,9.270299671531657,2.1769827539207642,0.11238223550198269,3.8523562051699693,0.14667735178704155,0.5082580385605199,0.01611339959751234,0.12486798114165074,0.01643819904207612,0.7762556560823131,0.042575172728846894,0.15602530053966207,0.003334516985276033,0.08119541799351074,0.0004069205568992176,0.6294473125000006,0.01251913662757942
0.05,0.6,1328.442,11.927667668073292,0.83027625,0.007454792292545766,103.744,4.17988803677802,2.1776432285297473,0.07342485245061897,3.771927443660919,0.12001538104545036,0.5071415159119474,0.012880065354755837,0.12539533358904226,0.006101736842299094,0.7448237441209232,0.045932800951853696,0.157816927703374,0.0009379863717633556,0.08292103961824429,0.0006325154143608768,0.6296654875000007,0.007699805579668062
0.1,0.6,1341.804,4.466101655806756,0.8386275000000001,0.002791313534879239,106.494,7.811577561542865,2.1642420874599724,0.06485470923970413,3.7765354216306846,0.09784213034094642,0.5076855032839753,0.00945503139398243,0.1263179185191276,0.012325737701410424,0.750782842058476,0.07865964151334019,0.15590162522098303,0.004092839571051394,0.08239772916907333,0.0008864075279502573,0.632212975000001,0.011129810269230165
0.15,0.6,1352.0220000000002,5.101377853090277,0.84501375,0.0031883611581813684,105.77000000000001,3.1953278392052322,2.148279068745798,0.10987012193035607,3.7555501516276273,0.09297865096299815,0.505728012425865,0.015610116628866195,0.12401559415145638,0.012088579242029055,0.7392968080500022,0.043633710764319496,0.15970302922658944,0.0047982573382352265,0.0830944280017949,0.0006883256850724394,0.620953225000001,0.014377421066097792
0.2,0.6,1357.012,7.116444055846967,0.8481325,0.004447777534904511,100.564,6.100552761840522,2.087952398195964,0.06912836275901098,3.735447800772527,0.09364774359154585,0.5092104817503766,0.01246184474759639,0.11895255542829078,0.0065691248310426895,0.7459084444895562,0.055148448973272306,0.15865808946226637,0.0009509260647256797,0.08271239585391041,0.0005575077852924937,0.622804562500001,0.005685103498810526
0.3,0.6,1361.954,3.445353973106368,0.85122125,0.002153346233191496,101.616,7.383296282826525,2.1426645874125447,0.06790325499436613,3.6491415182738463,0.1632501439775007,0.5084870854483531,0.006212832802246738,0.12342023899300676,0.006870917720891455,0.7343887406583823,0.031709692185206265,0.16478130639211575,0.005417488835853014,0.08331829549436107,0.0009145982086990936,0.6108335875000013,0.021396080238912884
0.5,0.6,1363.6200000000001,1.726788927460448,0.8522624999999999,0.0010792430796627453,94.582,12.20470958277992,2.08289606878377,0.07489322043827111,3.5355877972799257,0.15968296863197093,0.5102341033832127,0.010774514952967443,0.11601167684105793,0.0026882000591905734,0.7258334297732508,0.018503140041032387,0.16446104079449309,0.0028570306791010267,0.08204007629745322,0.0007024907184884335,0.6101458750000014,0.013594465900631628
0.8,0.6,1364.39,7.649549006313971,0.8527437499999999,0.004780968128946367,96.25,5.966442826341336,2.0801425335141888,0.05111570166742219,3.443903372591186,0.13693364962589175,0.5103335327758055,0.009933939186690248,0.11215619909116481,0.00660890069834747,0.7309518786969716,0.03933198431778414,0.16931830173791787,0.011375354901688015,0.08179516411332147,0.001410821016410576,0.6044397250000015,0.03305677817709049
0.0,0.7,1278.5040000000001,11.256343278347538,0.7990649999999999,0.007035214548967251,110.68199999999999,7.0568474547775235,2.284846692282317,0.051983066242960355,3.953007385048507,0.1271509377192846,0.5150602316096577,0.011491353411886375,0.1409146917239124,0.014964892649857037,0.8184486939535105,0.0367094034031243,0.15851425061190189,0.0038239127685955644,0.08108556806426895,0.0007351983551468922,0.6387837625000005,0.015494748706941015
0.01,0.7,1293.162,8.102008146132656,0.8082262499999999,0.005063755091332943,110.744,5.121146746579324,2.406074223919422,0.04304359815244478,3.9022483615337746,0.11383589189993223,0.5083194134996963,0.010232892691761728,0.15161153893355123,0.007149350386621837,0.82742273649028,0.03979022251100659,0.1587785132793123,0.005689048717252431,0.08105875535479523,0.0019117517672741571,0.6324334375000006,0.010164964412904985
0.02,0.7,1304.8259999999998,3.8578522522253578,0.8155162499999999,0.0024111576576408976,112.88,7.1515368977584135,2.3599781991171276,0.05945689550555941,3.9368998341602377,0.20490695134988085,0.5073326500329142,0.00429076100993572,0.147570452469263,0.009489947121859665,0.7985979561941535,0.058109811859238414,0.15872983708736715,0.0037889980961589077,0.08123364142121954,0.0008681265670669978,0.6365939875000006,0.011804843462430936
0.05,0.7,1321.694,5.389770310504887,0.8260587500000002,0.0033686064440655865,107.46200000000002,9.987252675285632,2.3104761073869877,0.0925184497906377,3.846139415414533,0.14922977283640237,0.5110876261120272,0.012686115501388236,0.14732017879923925,0.009517281591463679,0.8179660733897658,0.043694607879408175,0.1553610203614771,0.0018380304511856863,0.08152284401844496,0.0009013891233358003,0.6458194375000007,0.0111943849782212
0.1,0.7,1341.362,2.1168599386828144,0.83835125,0.001323037461676695,99.6,5.416002215656858,2.2780927914222664,0.09674009487926427,3.7396049843942265,0.13208499093642578,0.5078086572155965,0.012607197018243992,0.14648403095571555,0.006862907724834755,0.7956425116494928,0.052744331987401076,0.158693166414181,0.004737503537670256,0.08217776589569399,0.0006467819339743384,0.6318740875000007,0.01134139854929989
0.15,0.7,1345.7060000000001,5.582019706163692,0.8410662500000001,0.0034887623163523474,103.18599999999999,6.241841394973121,2.277439028786167,0.05934523050921209,3.7384099577111582,0.056008615944911966,0.5060547872592001,0.01160338000863787,0.145230619053982,0.005963217420308152,0.7895306143392725,0.020579843374389235,0.1604922973632993,0.008142297352414413,0.0826862726358438,0.0010431647579817235,0.6335033875000009,0.019348821086397884
0.2,0.7,1353.104,5.437931959853801,0.8456899999999999,0.00339870747490864,104.352,6.218377280287844,2.2944822031720546,0.04567458143164399,3.874492390847931,0.11723823480510163,0.5088270394378079,0.008473518960866505,0.14187771773487287,0.008112346676981757,0.7652292826314543,0.0446338213815585,0.16095216480028504,0.003911172335083471,0.08215331198299597,0.0012449566659208228,0.626580550000001,0.012258651353954538
0.3,0.7,1361.632,4.042773305541618,0.8510199999999999,0.002526733315963548,99.16199999999999,5.517279764521644,2.2235698501603647,0.05123906931169226,3.6665929206167105,0.0835003028827205,0.5169521057426486,0.011716945956869814,0.14114199924151533,0.010035866255102784,0.8143367378071957,0.052901217995076626,0.16173582542406134,0.00467313525645648,0.08150566572947822,0.0009436091818719946,0.6220303000000011,0.018719560088956665
0.5,0.7,1363.632,3.7278594394102407,0.8522700000000001,0.0023299121496313754,98.86,7.85231685555289,2.2111273788463075,0.16050318373059994,3.7019914247398495,0.18179411862379297,0.5082198089058414,0.008053234403327461,0.139789972532591,0.01373985474310531,0.7841832834323134,0.09994844286103996,0.16785606568746916,0.005539494328591235,0.08209963042698172,0.0008760636511773651,0.6191833000000013,0.012140975525596065
0.8,0.7,1366.172,5.142677901638338,0.8538575000000002,0.003214173688524015,95.72800000000001,4.634356050197265,2.1934460196747487,0.04237104213760247,3.5926899504960614,0.15474725294100813,0.5078659596066238,0.012302912071163003,0.1341042656827231,0.010287935729536525,0.7904523358029227,0.052353390992273034,0.16384153760697545,0.005506862918113207,0.08095799266760932,0.0011335363796268253,0.6348683875000013,0.012458719864604348
0.0,0.8,1265.368,17.065166157995694,0.790855,0.010665728848747363,114.326,3.182556205316723,2.4369469774238928,0.06350168325980457,3.975172077938848,0.06001647414764083,0.5090030046957621,0.013108947045989645,0.16992046883258455,0.012689613557574145,0.8607006924152405,0.028579054440282314,0.15483923450291265,0.0025982484680728488,0.07873798592190749,0.0008624789297014502,0.6516637750000005,0.006647101550511538
0.01,0.8,1293.5240000000001,11.76430635439253,0.8084524999999999,0.007352691471495414,114.18800000000002,3.9771668307980264,2.444702496609186,0.04275765419944139,3.9942040896134485,0.036762683885715644,0.5088597635421319,0.011287578516197898,0.16579120465170893,0.009323702822082783,0.8631392504249493,0.04058031526174009,0.15928208892103898,0.0018398621484132668,0.08064562502944994,0.0009229487759602941,0.6403505500000005,0.003830229128957255
0.02,0.8,1307.136,8.298367550307733,0.8169599999999999,0.005186479718942355,105.67200000000003,5.143665618991966,2.4083394693376157,0.03472783413343681,3.90342116491849,0.09044742529138833,0.5154699405096175,0.012074230305700056,0.1726529784664566,0.011838261879404743,0.9132643365730431,0.03847170908377283,0.1578471265121159,0.003146158113884639,0.08057490969756627,0.0009650319993882196,0.6496492000000005,0.019966835315459595
0.05,0.8,1320.528,4.050601930577789,0.8253299999999999,0.0025316262066110698,102.446,4.519604407467537,2.3716341203655302,0.06263304593938844,3.8376496612335176,0.14918342829268658,0.5140933577884248,0.009273750474446738,0.164304445192564,0.005045185623531528,0.8620433881069353,0.05797912384357335,0.1573405246892065,0.002823575744256341,0.08079765461546354,0.0010503371128086116,0.6471552625000008,0.006805558367338429
0.1,0.8,1335.136,4.891349915922975,0.83446,0.0030570936974517963,109.924,4.37287365470351,2.41600012411212,0.03514043657236519,3.944302841780484,0.07053596012428592,0.5141791918072203,0.014978078124364762,0.16567910640725259,0.008120471367621503,0.8427359512255694,0.0644810371867008,0.15792360521212892,0.0015180053973150884,0.08219690293828079,0.000757217535054151,0.6507686500000007,0.012142612478285372
0.15,0.8,1345.0859999999998,4.831697838234509,0.84067875,0.003019811148896464,100.39399999999999,3.5839118292725893,2.3500622963589626,0.07021564606077003,3.733053059048656,0.06561555825406602,0.5099466394026677,0.014891222144204757,0.16612331560042976,0.006754454172708675,0.8337509784896036,0.05560943362278004,0.15973855721370553,0.003222741644850093,0.08209168602774208,0.000671147174154055,0.6454946875000009,0.01522948631376807
0.2,0.8,1347.112,3.1910274207533535,0.8419450000000002,0.0019943921379708004,109.332,4.673154823029087,2.422162800603899,0.05455057438395584,3.8319500131868005,0.08092892326113552,0.5192262112555144,0.010672274467926231,0.1652161799598663,0.003855362287393515,0.8533878276833715,0.026183888376412064,0.16083135547880997,0.002295450935899859,0.08209372205833024,0.0011504215994605528,0.644298887500001,0.012597366817265771
0.3,0.8,1357.41,9.553958341964892,0.8483812500000001,0.005971223963728043,99.334,3.4995805462940806,2.3450149617419815,0.055884008110695126,3.6580472154121013,0.10138465704264676,0.5116293308055484,0.01239291854316769,0.1638476610619729,0.006947512496235737,0.8622909674336574,0.07701047195444144,0.1662066819684222,0.008703594607345481,0.08200988153082084,0.0021656112902468713,0.633994300000001,0.021120531641235597
0.5,0.8,1363.828,7.669199175924425,0.8523925000000002,0.0047932494849527545,97.26400000000001,4.637191391348862,2.321088465536909,0.07586344580315652,3.633715970320476,0.05737822356539445,0.5163551579901235,0.016381561306042385,0.16057124387059957,0.008815055413861397,0.8471338538452458,0.04293689472381711,0.16841449459200716,0.007788261410612795,0.08208562521627004,0.0011157761268835481,0.6355015750000013,0.01757851336954972
0.8,0.8,1361.48,3.7644813719820793,0.8509249999999999,0.002352800857488772,98.412,5.125233262984231,2.2893417948583528,0.07263296421588293,3.5508199787783274,0.1796258330547752,0.5103318352219341,0.01458513960496635,0.1537240971037503,0.010873701573506497,0.8136124785495982,0.07970110067610255,0.16197211022236085,0.0056513689746745316,0.07942009078174224,0.0013282243445867656,0.6608719000000013,0.017853001232487002
0.0,1.0,1271.4140000000002,6.568158341574903,0.79463375,0.004105098963484246,111.2,5.663295860186011,2.627814662038466,0.08294587847194568,4.006115521513039,0.12922454654127521,0.5164649850274012,0.013148273545306734,0.2109985996404095,0.009862139310411031,0.9685041414785808,0.03072157389300664,0.1582482217895492,0.004732733168982742,0.07858281663207678,0.0013139613356584103,0.6613531375000005,0.015212229663035556
0.01,1.0,1272.6499999999999,7.498618539437811,0.7954062499999999,0.004686636587148655,113.628,9.23758280071145,2.5912038903313652,0.019938982731313105,3.9460980184487284,0.11941694331181095,0.5129152296659697,0.009827772923802854,0.21531913318005516,0.008147194300589532,0.9603512834526722,0.02378244272067538,0.15500380253349322,0.0017706286369392735,0.0786125172413496,0.0007540980170116027,0.6675413125000005,0.013613905785882141
0.02,1.0,1294.976,3.5810032113919994,0.8093600000000001,0.0022381270071200575,117.902,4.085982868294971,2.6081025228939483,0.0880515529981199,4.033620190347008,0.12190349001605698,0.5126689740498871,0.014199096451758996,0.21507707677318919,0.013606382980263832,0.9794198102555193,0.014802794565485418,0.15901084525981513,0.0018905971034180325,0.07901895240828431,0.0011453805082912165,0.6614449000000006,0.010158216857134033
0.05,1.0,1313.7760000000003,7.561562272440786,0.8211099999999998,0.004725976420275514,113.662,6.29724828794292,2.580131240835721,0.07254435759508508,4.054860235724065,0.06681237682063182,0.5165663311578476,0.010806645717689509,0.2089374597501644,0.01063849543888435,0.9584806954800094,0.015524707158187698,0.15775414656209744,0.0025011110086501937,0.07926803004209618,0.0015752329485729567,0.6620482750000006,0.008280431195803586
0.1,1.0,1331.82,7.215147954130913,0.8323875000000001,0.004509467471331834,112.796,2.394707497795921,2.6079640913208966,0.01867643946681336,3.927297772699711,0.07868171417723178,0.5180602028437901,0.012224998722176774,0.20895866562095136,0.014245684096606306,0.9531065386267679,0.02463680453251858,0.15848249122634278,0.0028807101285458054,0.07992527177315342,0.001257952266985822,0.6650243875000006,0.010358165866041892
0.15,1.0,1338.306,3.3069175980057017,0.83644125,0.002066823498753493,108.37199999999999,8.202495717767857,2.611319932196186,0.05673646441870932,3.92856530399803,0.08291471670970547,0.5188306519156661,0.0160042564861923,0.2111134254739757,0.009566622925257808,0.9489839665143254,0.0412311127316547,0.15775135612447994,0.0018888699879887074,0.08056411403436352,0.0014734679094471426,0.6751719250000008,0.011027626978227746
0.2,1.0,1340.074,6.629514612699751,0.8375462500000002,0.004143446632937285,107.83399999999999,2.522987118476827,2.5710603929527656,0.06612680799942562,3.8709873385275673,0.08943975649108064,0.5194133937168814,0.01753046867772615,0.20873063187344432,0.009497004014953039,0.9418486206789437,0.034290087598158075,0.16064560451163143,0.00485856305319871,0.08059738347642617,0.0005500678372880756,0.6702598000000008,0.013744210855813486
0.3,1.0,1346.3939999999998,8.58389794906718,0.84149625,0.005364936218166967,104.51200000000001,11.328160309600145,2.5663473703896345,0.0887483370075542,3.690881288201978,0.22896387129909473,0.5164865684447237,0.016385129273823223,0.20348459034990962,0.010299949123915526,0.937473939280018,0.03377251190361204,0.16148695252432246,0.003911291035556837,0.08068160471435139,0.000526865030337791,0.6744203875000009,0.022965714021170425
0.5,1.0,1355.6680000000001,4.65162509237363,0.8472925,0.002907265682733516,93.23200000000001,5.165982578367837,2.4653867069786584,0.12377521770331074,3.572896080778525,0.15997555050448928,0.5191641258262432,0.01234323120113097,0.20052430937949475,0.011451024350627063,0.9216059723098814,0.04285541535192499,0.16532389471254122,0.00503966781355567,0.0799565776879411,0.0012925372973451525,0.6754606000000012,0.011887281687309145
0.8,1.0,1350.726,8.013180641917444,0.8442037499999999,0.0050082379011984045,102.146,5.444750132007897,2.50053020959173,0.1272713402701191,3.7476762994890853,0.18709157138799576,0.5211811572046685,0.011161573272935854,0.20168811321283292,0.003343112317334695,0.9359722231157919,0.04622138751963132,0.16611555481862195,0.006931735748244373,0.0791247530886706,0.0011771730562038889,0.6892494250000011,0.02105991238249663
