mixing_rate,heterogeneity,population_mean,population_std,occupancy_mean,occupancy_std,n_lineages_mean,n_lineages_std,shannon_eco_mean,shannon_eco_std,shannon_lin_mean,shannon_lin_std,mean_theta_mean,mean_theta_std,theta_std_mean,theta_std_std,theta_range_mean,theta_range_std,mean_r_mean,mean_r_std,mean_fitness_mean,mean_fitness_std,mean_resource_mean,mean_resource_std,mixing_mode
0.0,0.8,1263.854,6.722882120043423,0.7899087499999999,0.00420180132502716,102.91400000000002,2.711557486021643,2.3721501390459165,0.07611128069292317,3.8363595785478424,0.08005386655550338,0.5084649102376164,0.012197666119204404,0.16848545196971493,0.010493207949801566,0.8631093597767305,0.06721775284654802,0.15280250561347264,0.002012901952038673,0.07815517698976862,0.0011324187164103842,0.6598670875000003,0.006310066542785044,global
0.02,0.8,1275.8759999999997,5.2618574667127245,0.7974224999999999,0.003288660916695428,98.096,8.042264855126325,2.122396866644821,0.09477002648062131,3.422078714791604,0.1881086236136771,0.5197801212836054,0.015502718758257834,0.1331299202676916,0.01168717391172666,0.8570993808087298,0.03611489831471097,0.15968772528513542,0.003506483383545,0.07709706594647596,0.000623674954542393,0.7111176250000003,0.00993501427614412,global
0.1,0.8,1303.184,12.220884747022266,0.8144899999999999,0.007638052966888878,86.86,3.6232968412759123,1.8414507346117586,0.03508483437595741,3.1829353041903845,0.16874500766786096,0.5290797735411691,0.019137153647836302,0.09020555582838012,0.011737776627523339,0.7105234275774098,0.04383650448536607,0.16685056876498267,0.013544050791326073,0.07592617636691971,0.003334673259958772,0.7512147625000004,0.025785321171265363,global
0.3,0.8,1316.228,13.233632003346633,0.8226424999999999,0.008271020002091595,86.54,6.963530713653816,1.5347089884202865,0.07844532283479719,2.8606298049957632,0.33888071925484786,0.5177074276132868,0.01878946791234836,0.06585451082589595,0.0032577383748493617,0.6722383449699916,0.03460590206009523,0.16467296016012936,0.007225584311121428,0.07562744349718312,0.0018155952568225224,0.7625277250000007,0.024278725910139697,global
0.5,0.8,1305.344,15.153746203496981,0.81584,0.009471091377185646,82.54599999999999,6.799137004061616,1.2662048272302826,0.26652539933806485,2.6791337300763387,0.4964391940633925,0.5255069536948117,0.0367848579422615,0.061235048305208505,0.003531211489712684,0.6359454423405853,0.07922979638994919,0.16630514485150694,0.01806256396412717,0.07499456277780417,0.0015377700681512224,0.7635793375000007,0.04473523305269625,global
0.8,0.8,1317.7680000000003,13.895929475929256,0.8236049999999999,0.00868495592245576,88.61600000000001,2.5340134174861806,1.4250040898504572,0.09443996393781709,2.7166659471328796,0.2471801891344996,0.525583931857988,0.03265405290883042,0.06318581576451993,0.00850855756036379,0.6968178661728919,0.09956457680698606,0.16555706410453622,0.013863443578278444,0.07600717785921565,0.0024888266001656437,0.7695682000000006,0.026181064462740617,global
0.0,0.8,1263.854,6.722882120043423,0.7899087499999999,0.00420180132502716,102.91400000000002,2.711557486021643,2.3721501390459165,0.07611128069292317,3.8363595785478424,0.08005386655550338,0.5084649102376164,0.012197666119204404,0.16848545196971493,0.010493207949801566,0.8631093597767305,0.06721775284654802,0.15280250561347264,0.002012901952038673,0.07815517698976862,0.0011324187164103842,0.6598670875000003,0.006310066542785044,local
0.02,0.8,1290.272,13.665861699870927,0.8064199999999999,0.008541163562419338,104.422,7.201475959829347,2.3947844816967434,0.05800023591828266,3.8212578557217114,0.1240346239764379,0.510584665517879,0.01279202776299263,0.1690466904071525,0.016559784530205145,0.8803334369615416,0.04315923953892464,0.15466986242584094,0.001634521496145717,0.07902262393021744,0.0016387032577837737,0.6658493875000003,0.015641420749757246,local
0.1,0.8,1336.5040000000001,5.160110851522495,0.8353149999999999,0.0032250692822015166,103.396,3.7292497905074664,2.360757180481638,0.07645872606903252,3.7521346227580223,0.09530452293706339,0.5109188123852371,0.014264736424974703,0.1635781206966307,0.01465996673994344,0.8304336826092265,0.04294305019336185,0.15505238166182783,0.001455390795991324,0.08154531485644664,0.001115800726148845,0.6605194375000008,0.013246504485795004,local
0.3,0.8,1357.0080000000003,8.272574931664288,0.84813,0.005170359332290128,95.02799999999999,8.198003171504633,2.367950638121415,0.06461290366341044,3.6091272541871504,0.10115728812639567,0.5158603727642319,0.01257611250039388,0.16057932838594027,0.010768413778977224,0.849659472067019,0.0379676279221006,0.15955118406387506,0.006378940713550242,0.0812759504866845,0.001025865647825665,0.6511229500000008,0.021984750931838996,local
0.5,0.8,1356.276,4.115524753904405,0.8476724999999998,0.0025722029711902753,93.752,4.207076894947373,2.3282630026415214,0.08474319966140587,3.584418491051454,0.07341237369898658,0.5094681324521648,0.009823937201044953,0.16444592405478609,0.012542135858892562,0.8397211956539969,0.08378064254852609,0.15954971993212155,0.0044747710204539985,0.0811397659989987,0.0011535448411228305,0.6664624375000009,0.008655742611934756,local
0.8,0.8,1352.788,5.414108975630242,0.8454925,0.003383818109768968,98.628,6.183589248971827,2.2269050755900923,0.08372473698242383,3.415976288764859,0.21622742519161192,0.5108080617535997,0.010537291615877888,0.15157713481241847,0.007674495548016486,0.8244182747489571,0.0684449621648758,0.15530436125278096,0.0016310175902218798,0.07906509812552512,0.0006387267043137583,0.6846202000000008,0.01797796115436362,local
