mixing_rate,heterogeneity,population_mean,population_std,occupancy_mean,occupancy_std,n_lineages_mean,n_lineages_std,shannon_eco_mean,shannon_eco_std,shannon_lin_mean,shannon_lin_std,mean_theta_mean,mean_theta_std,theta_std_mean,theta_std_std,theta_range_mean,theta_range_std,mean_r_mean,mean_r_std,mean_fitness_mean,mean_fitness_std,mean_resource_mean,mean_resource_std,niche_width
0.0,0.8,1290.0040000000001,6.459673675968503,0.8062524999999999,0.004037296047480422,114.69200000000001,9.953466531816943,2.4996938360240617,0.10717794438508199,3.990970346275398,0.15103109164927878,0.5049629526867822,0.015118880712318242,0.18025173712646972,0.012352817383743525,0.8852783255376997,0.06212215403745287,0.15498442404881027,0.0015698350369167387,0.0808657593325671,0.0011705032123565525,0.6388222375000003,0.00836771717071404,10.0
0.01,0.8,1298.972,5.997784257540435,0.8118575000000001,0.0037486151609627404,102.118,6.838676480138539,2.224685219095927,0.09557642456679132,3.617670316601713,0.15837621660672274,0.5170844874543745,0.025723359885031227,0.1418634120151398,0.016726904342816817,0.8249630714094547,0.034709254128483795,0.16714827482878578,0.005928151315664543,0.08142068893688173,0.0022797019465863365,0.6351128875000004,0.01118660919633661,10.0
0.02,0.8,1312.4779999999998,7.405677281653601,0.8202987500000001,0.004628548301033506,98.174,5.110571787970498,2.058051333680981,0.1167859919412132,3.3443316120863806,0.22389774180336014,0.5173854885510928,0.015435893667638246,0.12489555156575902,0.007172271377773735,0.8114997433951692,0.040495438831884854,0.1608900869209118,0.0059823424447303895,0.07969690297398435,0.0011069233274383493,0.6580708000000005,0.016097526400739345,10.0
0.05,0.8,1332.258,8.868482170022062,0.8326612500000001,0.005542801356263853,92.652,5.5319486620900555,1.730762772805478,0.19987349907038807,3.190939703279031,0.25708912782920834,0.5132157823479415,0.032092291659944115,0.08503794210489998,0.015142462322867596,0.7026243294621437,0.030427160684065455,0.16602150936847826,0.007676692329146785,0.0803545317001045,0.0014853006408076107,0.6628094125000006,0.019914675887967883,10.0
0.1,0.8,1340.238,8.724520387964013,0.8376487499999999,0.005452825242477607,92.782,3.7130009426338684,1.7678512712177874,0.169085093584118,3.2836285999069306,0.1469219774717665,0.5112370926686935,0.019052233508630532,0.08353485844790406,0.016986504170916815,0.6409109609328519,0.0779074674750174,0.16551304808379066,0.007627983308311319,0.08130644701528031,0.0016361600656732455,0.6759163750000008,0.021748863961171865,10.0
0.15,0.8,1351.8180000000002,6.210060869266944,0.8448862500000001,0.003881288043291891,100.958,8.418585154288095,1.6382523199310897,0.1674369998962523,3.166651490333358,0.047221183651185474,0.5020079487948088,0.023909697249881467,0.08544511452921069,0.01870813060338219,0.7174644743215122,0.09316023799507997,0.17019682843979936,0.004376950762602569,0.08245032226479536,0.0016185899815840171,0.6722676625000008,0.020761030286730944,10.0
0.2,0.8,1345.7719999999997,6.819215204112547,0.8411075,0.004262009502570302,91.502,4.001166829813521,1.6194060163234258,0.18663178163448518,2.945246859545475,0.3184114066506305,0.5133081705384175,0.025070760827718707,0.0748407214149775,0.007331602069711019,0.7311923048095668,0.08485660973153526,0.16061583641621474,0.006122074191540145,0.08029626661551433,0.0007075769241303779,0.6863926375000009,0.02096099677221959,10.0
0.3,0.8,1345.9579999999999,4.447837227237508,0.8412237500000002,0.0027798982670235047,89.372,5.667692299340183,1.5933809331336193,0.08672025362307108,2.907021560172994,0.4352704748845118,0.5135668223370613,0.02443682784420811,0.07195601399736826,0.007216021179016008,0.716982661968888,0.05035201263757462,0.15802378595630495,0.00344534941042307,0.08032076009949503,0.0008980849322204837,0.6955018375000007,0.01337633007513876,10.0
0.5,0.8,1350.4460000000001,3.0262557724025565,0.84402875,0.0018914098577516138,96.076,7.03432327946335,1.591131263402497,0.25476936428485547,3.0090189511776093,0.287511861174976,0.5059380947704133,0.022560256345421192,0.0760177192332573,0.011910465535173031,0.7554937938317047,0.12970066099984512,0.16083674762573427,0.006442404817167312,0.08085491909632563,0.0009521807516680536,0.6930701500000008,0.011193552229659863,10.0
0.8,0.8,1355.33,6.536433278172378,0.8470812500000001,0.0040852707988578195,94.444,5.324421470920572,1.5414118957024459,0.24552829520778272,3.0560199544861826,0.17771265070232278,0.5119351792614433,0.024065138439705563,0.07008854050913402,0.01410371343522615,0.6255792054825937,0.05368800506440064,0.1658332503889804,0.008448602895829604,0.08273358904567635,0.0018923714488047697,0.685566700000001,0.01829269774247354,10.0
0.0,0.8,1263.854,6.722882120043423,0.7899087499999999,0.00420180132502716,102.91400000000002,2.711557486021643,2.3721501390459165,0.07611128069292317,3.8363595785478424,0.08005386655550338,0.5084649102376164,0.012197666119204404,0.16848545196971493,0.010493207949801566,0.8631093597767305,0.06721775284654802,0.15280250561347264,0.002012901952038673,0.07815517698976862,0.0011324187164103842,0.6598670875000003,0.006310066542785044,20.0
0.01,0.8,1277.372,8.485987037463554,0.7983575,0.005303741898414716,99.31800000000001,8.649137298019962,2.2055461869512216,0.17330484556590267,3.561066297538878,0.25117593000873817,0.5183776303293735,0.010090734213214665,0.15242166691427086,0.0009936552847209313,0.8719978230545727,0.03286488504437014,0.15925328716921233,0.0049269224131723325,0.07781396285697828,0.0014962737038317854,0.6846337000000005,0.012369448871198301,20.0
0.02,0.8,1275.8759999999997,5.2618574667127245,0.7974224999999999,0.003288660916695428,98.096,8.042264855126325,2.122396866644821,0.09477002648062131,3.422078714791604,0.1881086236136771,0.5197801212836054,0.015502718758257834,0.1331299202676916,0.01168717391172666,0.8570993808087298,0.03611489831471097,0.15968772528513542,0.003506483383545,0.07709706594647596,0.000623674954542393,0.7111176250000003,0.00993501427614412,20.0
0.05,0.8,1277.8880000000001,9.56523998653456,0.79868,0.005978274991584087,100.61,5.69944909618465,1.8895779283538794,0.14676207090570198,3.329188245906115,0.11559879961554649,0.5186771476036058,0.01357199825203034,0.09519659733529238,0.011894760000681303,0.7464476388011809,0.07006504276769805,0.16179084640815286,0.005725687461585355,0.07533201892632027,0.0011301327595562563,0.7444401625000004,0.017682371504490306,20.0
0.1,0.8,1303.184,12.220884747022266,0.8144899999999999,0.007638052966888878,86.86,3.6232968412759123,1.8414507346117586,0.03508483437595741,3.1829353041903845,0.16874500766786096,0.5290797735411691,0.019137153647836302,0.09020555582838012,0.011737776627523339,0.7105234275774098,0.04383650448536607,0.16685056876498267,0.013544050791326073,0.07592617636691971,0.003334673259958772,0.7512147625000004,0.025785321171265363,20.0
0.15,0.8,1304.5400000000002,13.28848072580157,0.8153375,0.008305300453625979,92.37599999999999,7.7750951119584375,1.582234520385552,0.21932580977985813,3.0276509225280313,0.369114997031724,0.5225595356172286,0.017102453261845268,0.07329433884821755,0.007942048831910206,0.7604457544026191,0.11666939032820182,0.15718543580935185,0.0034240345175709968,0.07374779004531855,0.0013097845501629482,0.7700247250000005,0.0099652608421706,20.0
0.2,0.8,1308.6219999999998,5.037774905650255,0.81788875,0.003148609316031444,90.724,4.761187246895464,1.5059621116225241,0.11782470749684835,2.984881380933131,0.19321841737081275,0.5269778096247953,0.02252919891925165,0.06814358633024778,0.0053148257832389975,0.6998375006039378,0.07852512099935909,0.1613957581917576,0.011022265676466865,0.07407517590868433,0.001717725444273145,0.7626661375000005,0.016928799848713823,20.0
0.3,0.8,1316.228,13.233632003346633,0.8226424999999999,0.008271020002091595,86.54,6.963530713653816,1.5347089884202865,0.07844532283479719,2.8606298049957632,0.33888071925484786,0.5177074276132868,0.01878946791234836,0.06585451082589595,0.0032577383748493617,0.6722383449699916,0.03460590206009523,0.16467296016012936,0.007225584311121428,0.07562744349718312,0.0018155952568225224,0.7625277250000007,0.024278725910139697,20.0
0.5,0.8,1305.344,15.153746203496981,0.81584,0.009471091377185646,82.54599999999999,6.799137004061616,1.2662048272302826,0.26652539933806485,2.6791337300763387,0.4964391940633925,0.5255069536948117,0.0367848579422615,0.061235048305208505,0.003531211489712684,0.6359454423405853,0.07922979638994919,0.16630514485150694,0.01806256396412717,0.07499456277780417,0.0015377700681512224,0.7635793375000007,0.04473523305269625,20.0
0.8,0.8,1317.7680000000003,13.895929475929256,0.8236049999999999,0.00868495592245576,88.61600000000001,2.5340134174861806,1.4250040898504572,0.09443996393781709,2.7166659471328796,0.2471801891344996,0.525583931857988,0.03265405290883042,0.06318581576451993,0.00850855756036379,0.6968178661728919,0.09956457680698606,0.16555706410453622,0.013863443578278444,0.07600717785921565,0.0024888266001656437,0.7695682000000006,0.026181064462740617,20.0
0.0,0.8,1245.518,12.644444471782855,0.7784487499999999,0.007902777794864292,100.57200000000002,7.91944290970015,2.3856992941246475,0.028753698277017035,3.75780313313462,0.13215722782829076,0.5139067704302597,0.011275950365615454,0.17560673129062748,0.012335923238738515,0.866805327905681,0.017162816559535114,0.15577562153138305,0.003843816946661428,0.07639220251731033,0.0008619016679337199,0.6821923000000003,0.012510012848801764,40.0
0.01,0.8,1259.4699999999998,11.89862849239358,0.7871687500000001,0.007436642807745964,98.15599999999999,5.119646862821692,2.2824775198810245,0.03468427406482322,3.5247607879299125,0.04668926405458575,0.5116503097963135,0.012081164691910336,0.15850386811013156,0.007143410625607559,0.8452500782292512,0.0231228924190065,0.1587410055934309,0.0017778995394039034,0.07559531080640597,0.0008360455086894596,0.7206292000000003,0.007593652656413045,40.0
0.02,0.8,1244.922,16.997317906069746,0.77807625,0.010623323691293516,95.036,4.1202262073823075,2.251727207218565,0.09724740059449752,3.5723926061825124,0.1369880820589361,0.516592510959652,0.015078199132092738,0.1490618235635962,0.009795783586742116,0.8551725227185111,0.07610532906842847,0.15774575092293572,0.003386957106327888,0.07324332502158357,0.0014137422345302856,0.7580635000000002,0.007278157526118742,40.0
0.05,0.8,1221.382,20.838688442413954,0.76336375,0.013024180276508772,85.556,2.970404686233849,1.940592624710287,0.049648396955675994,3.2020273610461443,0.08169173685714452,0.522856739998615,0.01884137450758561,0.11038431307239464,0.006114614607207542,0.8167734714654934,0.05383083286121547,0.1643769487024927,0.0061989233816518875,0.06995258199411895,0.0021132947489890985,0.7988907250000004,0.013078103406648783,40.0
0.1,0.8,1227.428,11.437916593505996,0.7671425000000001,0.007148697870941256,86.354,7.95160512098029,1.7454388870016264,0.09756869053177089,3.274623540386196,0.1466513141909476,0.5275192760312672,0.030274906841033688,0.07943455719583206,0.006194900714335079,0.7507991274381804,0.06867255820341128,0.16561954376438887,0.0052047929032839335,0.06771476979920564,0.0014402657721059571,0.8241134875000004,0.013212028182765418,40.0
0.15,0.8,1249.4180000000001,18.44625316968194,0.7808862500000001,0.011528908231051172,83.73400000000001,8.70522969254689,1.676309123403057,0.20076034125833972,3.1559744822621667,0.28490107590024843,0.5343396920295497,0.018284159478455957,0.07918822234208402,0.010349939666464131,0.7474983296959544,0.013941473162592226,0.16902688327864165,0.005454355618225395,0.06824962461231593,0.0019267406852035798,0.8275859125000002,0.012806285034944787,40.0
0.2,0.8,1228.5559999999998,14.949366006623798,0.7678475000000001,0.009343353754139793,89.28799999999998,5.172269907883773,1.562541173734755,0.0942025513740342,2.9298450829800884,0.39414891714125105,0.5387480163882152,0.015874305795947077,0.07409864907005845,0.0057047925655835385,0.6762914607522913,0.05557160118208837,0.1606274000401747,0.007155759148119194,0.06620134665624502,0.0017096614036029602,0.8504550250000003,0.01025848236267492,40.0
0.3,0.8,1247.158,11.91845694710516,0.77947375,0.0074490355919407635,90.13399999999999,5.820627457585653,1.5479030302001684,0.1992084268158645,3.2068888058342666,0.17927868179372394,0.5432535764546336,0.028379617260937157,0.06741240470214047,0.00889842513592667,0.675899891177298,0.05337235594956906,0.1668158752448296,0.009597832787668957,0.06779010556720166,0.001423772649742392,0.8476768000000006,0.013097427608742431,40.0
0.5,0.8,1243.69,8.740299766026352,0.77730625,0.005462687353766415,88.57,7.718976616106566,1.662253564256614,0.08763608003718468,3.154447029160861,0.23787111522633084,0.5378278795849545,0.018213434344047316,0.07239229539783218,0.004467110780978073,0.7089622690735511,0.03620684766290753,0.15900124546493466,0.0044659657887115576,0.0664967128654278,0.0009097331259992176,0.8694569125000005,0.012178146506563051,40.0
0.8,0.8,1248.9299999999998,14.264090577390483,0.7805812500000001,0.008915056610869007,81.352,7.161297089215055,1.3497849376768805,0.12037476749718025,2.9497381043347906,0.3325517851678908,0.5354012739633658,0.02722662624547116,0.05743828577863171,0.004164314134813792,0.644141255295122,0.04016753251207104,0.1642019393808559,0.006819339188930979,0.06754121511645927,0.0011445591830169148,0.8588526625000004,0.015493145510575814,40.0
